Unique ID,Title,Category,Source,Owner,Status,Proposed URL
1,History,Origins,http://en.wikipedia.org/wiki/History_of_tea,Michelle,Needs editing,/origins/history
2,Production ,Origins,http://en.wikipedia.org/wiki/Tea_processing,Michelle,Needs editing,/origins/production
3,Cultures,Rituals,http://en.wikipedia.org/wiki/Tea_culture,Michelle,Needs editing,/rituals/cultures
4,Brewing,Tea at Home,http://cultoftea.tumblr.com/page/8,Michelle,Needs editing,/teaathome/brewing
5,Flowering Tea,Types of Tea,http://en.wikipedia.org/wiki/Flowering_tea,Michelle,Needs editing,/typesoftea/floweringtea
6,Black Tea,Types of Tea,http://en.wikipedia.org/wiki/Black_tea,Michelle,Needs editing,/typesoftea/blacktea
7,Green Tea,Types of Tea,http://en.wikipedia.org/wiki/Green_tea,Michelle,Needs editing,/typesoftea/greentea
8,White Tea,Types of Tea,http://en.wikipedia.org/wiki/White_tea,Michelle,Needs editing,/typesoftea/whitetea
9,Pu-erh Tea,Types of Tea,http://en.wikipedia.org/wiki/Pu-erh_tea,Michelle,Needs editing,/typesoftea/pu-erhtea
10,Rooibos Tea,Types of Tea,http://en.wikipedia.org/wiki/Rooibos,Michelle,Needs editing,/typesoftea/rooibostea
11,Herbal Teas,Types of Tea,http://en.wikipedia.org/wiki/Herbal_tea,Michelle,Needs editing,/typesoftea/herbaltea
12,Tea Festivals,Rituals,http://www.ottawateafestival.com/,Michelle,Needs editing,/rituals/fesitivals
13,Tea Rooms/Shops,Rituals,http://en.wikipedia.org/wiki/Tea_room,Michelle,Needs editing,/rituals/tearoomsshops
14,Tea Tasting,Rituals,http://en.wikipedia.org/wiki/Tea_tasting,Michelle,Needs editing,/rituals/teatasting
15,DIY Blends,Tea at Home,http://www.pinterest.com/stashtea/diy-tea/,Michelle,Needs editing,/teaathome/diyblends